tax_id,scientific_name,accession,seq_name,seq_len
2636216,unclassified Nephelomys,MF806206.1,"Nephelomys sp. MEPN 12133 isolate PS3 cytochrome oxidase subunit 1 (COI) gene, partial cds; mitochondrial",654
798169,Neodon sikimensis,MH558118.1,"Neodon sikimensis isolate RGM11 cytochrome oxidase subunit I (COI) gene, partial cds; mitochondrial",1050
2628573,unclassified Steatomys,AB752530.2,"Steatomys sp. IN-2012 mitochondrial COI gene for cytochrome c oxidase subunit I, partial cds, isolate: 10ZRD#11",1599
530180,Sooretamys angouya,KJ013091.1,"Sooretamys angouya voucher 379-PEM44 cytochrome oxidase subunit 1 (COI) gene, partial cds; mitochondrial",685
907925,Maxomys wattsi,GU294874.1,"Maxomys wattsi voucher MG434 cytochrome oxidase subunit I (COI) gene, partial cds; mitochondrial",480
537921,Clethrionomys centralis,KY968255.1,"Clethrionomys centralis isolate XJ289 cytochrome oxidase subunit I (COI) gene, complete cds; mitochondrial",1545
2591155,Oligoryzomys aff. microtis MN76227,MN015446.1,"Oligoryzomys aff. microtis MN76227 cytochrome c oxidase subunit I (COI) gene, partial cds; mitochondrial",649
946209,Niviventer tenaster,MF642552.1,"Niviventer tenaster isolate ZIN97693 cytochrome oxidase subunit 1 (coi) gene, partial cds; mitochondrial",676
2066590,Acomys sp. USNM Mamm 601470,MN326070.1,"Acomys sp. USNM Mamm 601470 voucher USNM:MAMM:601470 cytochrome oxidase subunit I (COI) gene, partial cds; mitochondrial",652
530179,Sooretamys,KJ013091.1,"Sooretamys angouya voucher 379-PEM44 cytochrome oxidase subunit 1 (COI) gene, partial cds; mitochondrial",685
2066589,Acomys sp. USNM Mamm 601469,MN326063.1,"Acomys sp. USNM Mamm 601469 voucher USNM:MAMM:601469 cytochrome oxidase subunit I (COI) gene, partial cds; mitochondrial",654
1003295,Otonyctomys hatti,JF446103.1,"Otonyctomys hatti voucher ROM:FN29576 cytochrome oxidase subunit 1 (COI) gene, partial cds; mitochondrial",657
1156415,Hapalomys delacouri,KU958012.1,"Hapalomys delacouri isolate 15-058 cytochrome oxidase subunit I (COI) gene, partial cds; mitochondrial",656
2172888,Tachyoryctes splendens complex sp. 2 JK-2018,MH189095.1,"Tachyoryctes splendens complex sp. 2 JK-2018 isolate LAV2603 cytochrome oxidase subunit I (COI) gene, partial cds; mitochondrial",552
1880912,Maxomys surifer finis,KU057310.1,"Maxomys surifer finis isolate BZM-14C cytochrome oxidase subunit I (COI) gene, partial cds; mitochondrial",601
1158282,Hylomyscus sp. 7 VN-2012,JQ667734.1,"Hylomyscus sp. 7 VN-2012 voucher SBP Z02745 cytochrome oxidase subunit 1 (COI) gene, partial cds; mitochondrial",708
2066593,Acomys sp. USNM Mamm 601474,MN326046.1,"Acomys sp. USNM Mamm 601474 voucher USNM:MAMM:601474 cytochrome oxidase subunit I (COI) gene, partial cds; mitochondrial",653
1106473,Nectomys sp. BOLD:AAC2628,HQ919746.1,"Nectomys sp. BOLD:AAC2628 voucher ROM MAM 120395 cytochrome oxidase subunit 1 (COI) gene, partial cds; mitochondrial",657
1159790,Hylomyscus grandis,JQ667645.1,"Hylomyscus grandis voucher IFORA SPOT10112 cytochrome oxidase subunit 1 (COI) gene, partial cds; mitochondrial",711
2162902,Alexandromys limnophilus,KP190303.1,"Microtus limnophilus isolate XLHP03 cytochrome oxidase subunit I (COI) gene, partial cds; mitochondrial",1542
1987367,Typhlomys daloushanensis,KX778360.1,"Typhlomys daloushanensis isolate Tdal_8-11 cytochrome c oxidase subunit I (COI) gene, partial cds; mitochondrial",1471
2782732,unclassified Rhagomys,MT441550.1,"Rhagomys sp. n. NT-2020 voucher MEPN10898 cytochrome oxidase subunit I (COI) gene, partial cds; mitochondrial",649
1003881,Oecomys cf. rex BOLD:AAD7215,EU095449.1,"Oecomys cf. rex BOLD:AAD7215 voucher ROM 114853 cytochrome oxidase subunit 1 (COI) gene, partial cds; mitochondrial",657
1962321,Neacomys amoenus,PV403579.1,"Neacomys amoenus voucher MUSM55423 cytochrome oxidase subunit 1 (COI) gene, partial cds; mitochondrial",658
870527,Eothenomys eva,KY997311.1,"Eothenomys eva isolate MYLYF0401 cytochrome oxidase subunit I (COI) gene, partial cds; mitochondrial",1539
2927133,Chilomys sp. p NT-2024,OM703438.1,"Chilomys sp. p NT-2024 voucher QCAZ4189 cytochrome oxidase subunit I (COI) gene, partial cds; mitochondrial",615
3370986,Anteliomys olitor,KY997221.1,"Anteliomys olitor isolate guizhou13007 cytochrome oxidase subunit I (COI) gene, partial cds; mitochondrial",1539
530171,Handleyomys alfaroi,MZ364405.1,"Handleyomys alfaroi voucher IAvH-CT-35612 cytochrome oxidase subunit 1 (COI) gene, partial cds; mitochondrial",658
2591168,Oligoryzomys aff. microtis MN76192,MN015482.1,"Oligoryzomys aff. microtis MN76192 cytochrome c oxidase subunit I (COI) gene, partial cds; mitochondrial",657
2316664,Rhabdomys bechuanae,MG561302.1,"Rhabdomys bechuanae isolate Dronfield32 cytochrome oxidase subunit I (COI) gene, partial cds; mitochondrial",897
2904038,Nephelomys ricardopalmai,PV403192.1,"Nephelomys ricardopalmai voucher VPT5514 cytochrome oxidase subunit 1 (COI) gene, partial cds; mitochondrial",658
1572694,Chiromyscus thomasi,MK957036.1,"Chiromyscus thomasi isolate 16-045 cytochrome c oxidase subunit I (COI) gene, partial cds; mitochondrial",470
2448873,Mastomys sp. DPL-2017,MH989486.1,"Mastomys sp. DPL-2017 voucher USNM:MAMM:587263 cytochrome oxidase subunit 1 (COI) gene, partial cds; mitochondrial",650
2801481,Niviventer bukit,KY304319.1,"Niviventer bukit isolate ZIN97692 cytochrome oxidase subunit 1 (COI) gene, partial cds; mitochondrial",675
946981,Rattus giluwensis,KF510036.1,"Rattus giluwensis isolate GiPN_188c cytochrome oxidase subunit I (COI) gene, partial cds; mitochondrial",655
796024,Rattus rattus alexandrinus,HM181986.1,"Rattus rattus alexandrinus isolate Rral8739 cytochrome c oxidase subunit I (COI) gene, partial cds; mitochondrial",620
687454,Typhlomys,MW585726.1,"Typhlomys cinereus isolate QLF1911277 cytochrome oxidase subunit I (COI) gene, partial cds; mitochondrial",633
504099,Meriones tamariscinus,KX859280.1,"Meriones tamariscinus voucher MGL-123 cytochrome oxidase subunit I (COI) gene, partial cds; mitochondrial",661
999952,Maxomys sp. MTNA-2011,JF343485.1,"Maxomys sp. MTNA-2011 isolate RG072 cytochrome oxidase subunit I (COI) gene, partial cds; mitochondrial",476
575524,Proedromys,KU577348.1,"Proedromys bedfordi isolate HSH15002 cytochrome c oxidase subunit 1 (COI) gene, partial cds; mitochondrial",1539
537920,Clethrionomys rutilus,HM380209.1,"Clethrionomys rutilus voucher NOMAM-042 cytochrome oxidase subunit 1 (COI) gene, partial cds; mitochondrial",657
1267393,Eolagurus przewalskii,KC017827.1,"Eolagurus przewalskii voucher NMCDC 027 cytochrome oxidase subunit 1 (COI) gene, partial cds; mitochondrial",657
1157628,Cricetomys ansorgei,OZ347498.1,Cricetomys ansorgei mitochondrial partial COI gene for cytochrome oxidase subunit 1,657
752758,Oligoryzomys sp. LLM-2010a,GU938953.1,"Oligoryzomys sp. LLM-2010a voucher 9629 cytochrome oxidase subunit I (COI) gene, partial cds; mitochondrial",665
2448885,Mus sp. musculoides-minutoides DPL-2017,MH989483.1,"Mus sp. musculoides-minutoides DPL-2017 voucher USNM:MAMM:587228 cytochrome oxidase subunit 1 (COI) gene, partial cds; mitochondrial",658
2970673,Microtus lavernedii,MZ661162.1,"Microtus lavernedii voucher CSCF-MAM-1571088 cytochrome oxidase subunit 1 (COI) gene, partial cds; mitochondrial",719
1353928,Wiedomys cerradensis,KF815395.1,"Wiedomys cerradensis voucher MN:71267 cytochrome oxidase subunit I (COI) gene, complete cds; mitochondrial",1545
2591165,Oligoryzomys aff. microtis MN76223,MN015477.1,"Oligoryzomys aff. microtis MN76223 cytochrome c oxidase subunit I (COI) gene, partial cds; mitochondrial",657
1383892,Rattus sp. R3 AL-2013,KC010288.1,"Rattus sp. R3 AL-2013 haplotype HCOR312 cytochrome oxidase subunit I (COI) gene, partial cds; mitochondrial",679
996586,Rhabdomys dilectus,OQ322591.1,"Rhabdomys dilectus dilectus voucher Moz2 cytochrome oxidase subunit 1 (COI) gene, partial cds; mitochondrial",795
1383893,Niviventer hinpoon,KC010232.1,"Niviventer hinpoon haplotype HCONH09 cytochrome oxidase subunit I (COI) gene, partial cds; mitochondrial",641
2619336,unclassified Praomys,JQ668014.1,"Praomys sp. B VN-2012 voucher IFORA AW08 cytochrome oxidase subunit 1 (COI) gene, partial cds; mitochondrial",728
3371117,Mictomicrotus liangshanensis,NC_013563.1,"Proedromys liangshanensis mitochondrion, complete genome",16296
2082267,Lophuromys stanleyi,MW464568.1,"Lophuromys stanleyi voucher FMNH:215102 cytochrome c oxidase subunit I (COI) gene, partial cds; mitochondrial",710
752754,Deltamys sp. LLM-2010a,GU938996.1,"Deltamys sp. LLM-2010a voucher A10 cytochrome oxidase subunit I (COI) gene, partial cds; mitochondrial",666
2053722,Oligoryzomys destructor spodiurus,MF806174.1,"Oligoryzomys destructor spodiurus isolate MP75 cytochrome oxidase subunit 1 (COI) gene, partial cds; mitochondrial",657
1002702,Neacomys sp. AVB-2011,JF444348.1,"Neacomys sp. AVB-2011 voucher ROM:F41921 cytochrome oxidase subunit 1 (COI) gene, partial cds; mitochondrial",657
2613862,unclassified Neodon,KP190297.1,"Neodon sp. 2 WJ-2014 isolate XZ13066 cytochrome oxidase subunit I (COI) gene, partial cds; mitochondrial",1542
2649651,unclassified Aethomys,MH988993.1,"Aethomys sp. DPL-2017 voucher USNM:MAMM:587047 cytochrome oxidase subunit 1 (COI) gene, partial cds; mitochondrial",658
1106961,Oryzomys sp. BOLD:AAA2984,HQ919739.1,"Oryzomys sp. BOLD:AAA2984 voucher ROM MAM 120387 cytochrome oxidase subunit 1 (COI) gene, partial cds; mitochondrial",657
865620,Akodon polopi,MZ050374.1,"Akodon polopi voucher CMIAO240 cytochrome oxidase subunit 1 (COI) gene, partial cds; mitochondrial",657
2591161,Oligoryzomys aff. microtis MN76217,MN015464.1,"Oligoryzomys aff. microtis MN76217 cytochrome c oxidase subunit I (COI) gene, partial cds; mitochondrial",657
3035879,Ochromyscus,MH988957.1,"Ochromyscus brockmani voucher USNM:MAMM:587006 cytochrome oxidase subunit 1 (COI) gene, partial cds; mitochondrial",658
2964412,Neacomys sp. IAvH-CT-35592,MZ364416.1,"Neacomys sp. IAvH-CT-35592 cytochrome oxidase subunit 1 (COI) gene, partial cds; mitochondrial",658
3370987,Anteliomys proditor,KY997291.1,"Anteliomys proditor isolate ML13003 cytochrome oxidase subunit I (COI) gene, partial cds; mitochondrial",1539
2623844,unclassified Peromyscus,JQ350490.1,"Peromyscus sp. BOLD:AAA3869 cytochrome oxidase subunit 1 (COI) gene, partial cds; mitochondrial",658
1003214,Niviventer sp. BOLD:AAD7937,JF445037.1,"Niviventer sp. BOLD:AAD7937 voucher TG970511-41 cytochrome oxidase subunit 1 (COI) gene, partial cds; mitochondrial",657
530177,Nephelomys,PV403410.1,"Nephelomys keaysi voucher MUSM53115 cytochrome oxidase subunit 1 (COI) gene, partial cds; mitochondrial",707
2053726,Nephelomys sp. MEPN 12133,MF806206.1,"Nephelomys sp. MEPN 12133 isolate PS3 cytochrome oxidase subunit 1 (COI) gene, partial cds; mitochondrial",654
1003885,Oryzomys sp. BOLD:AAA1671,JF491729.1,"Oryzomys sp. BOLD:AAA1671 voucher ROM ASK0840 cytochrome oxidase subunit 1 (COI) gene, partial cds; mitochondrial",657
2053027,Oligoryzomys sp. n. MW-2017,MN015468.1,"Oligoryzomys sp. n. MW-2017 voucher MPEG34802 cytochrome c oxidase subunit I (COI) gene, partial cds; mitochondrial",655
1003178,Phenacomys ungava,JF457095.1,"Phenacomys ungava voucher ROM:96659 cytochrome oxidase subunit 1 (COI) gene, partial cds; mitochondrial",657
1003294,Otonyctomys,JF446103.1,"Otonyctomys hatti voucher ROM:FN29576 cytochrome oxidase subunit 1 (COI) gene, partial cds; mitochondrial",657
3371040,Stenocranius,KP190315.1,"Lasiopodomys gregalis isolate XJ140 cytochrome oxidase subunit I (COI) gene, partial cds; mitochondrial",1542
1132651,Oligoryzomys rupestris,MN015503.1,"Oligoryzomys rupestris voucher LG0214 cytochrome c oxidase subunit I (COI) gene, partial cds; mitochondrial",657
1571109,Niviventer sp.,MH290178.1,"Niviventer sp. isolate 002-R1 cytochrome oxidase subunit I (COI) gene, partial cds; mitochondrial",541
2066587,Acomys sp. USNM Mamm 601466,MN326028.1,"Acomys sp. USNM Mamm 601466 voucher USNM:MAMM:601466 cytochrome oxidase subunit I (COI) gene, partial cds; mitochondrial",655
3241089,Craseomys rex,JF693314.1,"Myodes rex isolate 1323 cytochrome c oxidase subunit I (COI) gene, partial cds; mitochondrial",651
1439716,Niviventer sp. 1 LL-2013,KF739990.1,"Niviventer sp. 1 LL-2013 isolate gzb225 cytochrome c oxidase subunit I (COI) gene, partial cds; mitochondrial",702
527669,Alexandromys middendorffii hyperboreus,HM137736.1,"Microtus middendorffii hyperboreus voucher ZISP TX-00789 cytochrome oxidase subunit 1 (COI) gene, partial cds; mitochondrial",657
2082262,Lophuromys kilonzoi,MW464576.1,"Lophuromys kilonzoi voucher FMNH:197827 cytochrome c oxidase subunit I (COI) gene, partial cds; mitochondrial",710
2055140,Rhizomys sumatrensis,NC_039104.1,"Rhizomys sumatrensis mitochondrion, complete genome",16672
2172887,Tachyoryctes splendens complex sp. 1 JK-2018,MH189083.1,"Tachyoryctes splendens complex sp. 1 JK-2018 isolate A31 cytochrome oxidase subunit I (COI) gene, partial cds; mitochondrial",480
2636249,unclassified Grammomys,MH988992.1,"Grammomys sp. DPL-2017 voucher USNM:MAMM:587046 cytochrome oxidase subunit 1 (COI) gene, partial cds; mitochondrial",658
907926,Maxomys musschenbroekii,GU294880.1,"Maxomys musschenbroekii voucher MG282 cytochrome oxidase subunit I (COI) gene, partial cds; mitochondrial",480
2591158,Oligoryzomys aff. microtis MN76926,MN015461.1,"Oligoryzomys aff. microtis MN76926 cytochrome c oxidase subunit I (COI) gene, partial cds; mitochondrial",657
2073147,Vernaya fulva,KY605375.1,"Vernaya fulva isolate LC027 cytochrome oxidase subunit I (COI) gene, partial cds; mitochondrial",690
2652948,Neotoma phenax,HM432257.1,"Neotoma phenax voucher CIBNOR 15159 cytochrome oxidase subunit 1 (COI) gene, partial cds; mitochondrial",655
2591156,Oligoryzomys aff. microtis MN76197,MN015449.1,"Oligoryzomys aff. microtis MN76197 cytochrome c oxidase subunit I (COI) gene, partial cds; mitochondrial",657
548545,Neusticomys,JF491614.1,"Neusticomys sp. BOLD:AAI3081 voucher ROM 118768 cytochrome oxidase subunit 1 (COI) gene, partial cds; mitochondrial",657
1003221,Niviventer sp. BOLD:AAE2315,JF445049.1,"Niviventer sp. BOLD:AAE2315 voucher ROM:112350 cytochrome oxidase subunit 1 (COI) gene, partial cds; mitochondrial",657
2621306,unclassified Euryoryzomys,MT118096.1,"Euryoryzomys sp. MTR046 cytochrome oxidase subunit 1 (COI) gene, partial cds; mitochondrial",667
1880988,Hapalomys suntsovi,KU958011.1,"Hapalomys suntsovi isolate BZM-18C cytochrome oxidase subunit I (COI) gene, partial cds; mitochondrial",607
1268271,Leopoldamys milleti,JX173175.1,"Leopoldamys milleti isolate 12-010 cytochrome oxidase subunit I (COI) gene, partial cds; mitochondrial",641
511942,Euryoryzomys,PV403528.1,"Euryoryzomys nitidus voucher L1177-128 cytochrome oxidase subunit 1 (COI) gene, partial cds; mitochondrial",657
1158280,Hylomyscus sp. 2 VN-2012,JQ667725.1,"Hylomyscus sp. 2 VN-2012 voucher IFORA CAM694 cytochrome oxidase subunit 1 (COI) gene, partial cds; mitochondrial",721
2107264,Hybomys trivirgatus,OQ025795.1,"Hybomys trivirgatus voucher ZFMK-DNA-FD05091712 cytochrome oxidase subunit 1 (COI) gene, partial cds; mitochondrial",618
979565,Niviventer huang,MW585736.1,"Niviventer huang isolate QLF1911424 cytochrome oxidase subunit I (COI) gene, partial cds; mitochondrial",633
1003222,Niviventer sp. BOLD:AAA8157,JF445063.1,"Niviventer sp. BOLD:AAA8157 voucher ROM:112388 cytochrome oxidase subunit 1 (COI) gene, partial cds; mitochondrial",657
3371078,Mictomicrotus,NC_013563.1,"Proedromys liangshanensis mitochondrion, complete genome",16296
1392511,Cannomys,MH189134.1,"Cannomys badius isolate PhuHuayDue1 cytochrome oxidase subunit I (COI) gene, partial cds; mitochondrial",654
687455,Typhlomys cinereus,MW585726.1,"Typhlomys cinereus isolate QLF1911277 cytochrome oxidase subunit I (COI) gene, partial cds; mitochondrial",633
1147106,Peromyscus sp. BOLD:AAA3869,JQ350490.1,"Peromyscus sp. BOLD:AAA3869 cytochrome oxidase subunit 1 (COI) gene, partial cds; mitochondrial",658
2927132,Chilomys sp. n NT-2023,OM703439.1,"Chilomys sp. n NT-2023 voucher QCAZ13175 cytochrome oxidase subunit I (COI) gene, partial cds; mitochondrial",646
1932377,Nectomys rattus,MZ364417.1,"Nectomys rattus voucher IAvH-CT-18478 cytochrome oxidase subunit 1 (COI) gene, partial cds; mitochondrial",658
862508,Coelomys,NC_036680.1,"Mus pahari mitochondrion, complete genome",16286
2175849,Urocricetus kamensis,KF152991.1,"Cricetulus kamensis voucher JW129 cytochrome oxidase subunit I (COI) gene, partial cds; mitochondrial",645
2766944,Euryoryzomys sp. MTR046,MT118096.1,"Euryoryzomys sp. MTR046 cytochrome oxidase subunit 1 (COI) gene, partial cds; mitochondrial",667
1158968,Sigmodontinae sp. ABRMM535-11,JQ600062.1,"Sigmodontinae sp. ABRMM535-11 voucher ROM:F41889_rerun cytochrome oxidase subunit 1 (COI) gene, partial cds; mitochondrial",633
1003854,Rattus sp. BOLD:AAB2208,JF459862.1,"Rattus sp. BOLD:AAB2208 voucher ROM:102077 cytochrome oxidase subunit 1 (COI) gene, partial cds; mitochondrial",657
2170709,Tachyoryctes macrocephalus,MH189082.1,"Tachyoryctes macrocephalus isolate ETH0156 cytochrome oxidase subunit I (COI) gene, partial cds; mitochondrial",606
2448863,Acomys cf. cineraceus DPL-2017,MH988912.1,"Acomys cf. cineraceus DPL-2017 voucher USNM:MAMM:586945 cytochrome oxidase subunit 1 (COI) gene, partial cds; mitochondrial",658
2641672,unclassified Mindomys,MF806197.1,"Mindomys sp. QCAZ 8720 isolate MP88 cytochrome oxidase subunit 1 (COI) gene, partial cds; mitochondrial",657
1002710,Reithrodontomys sp. 1 AVB-2011,JF444425.1,"Reithrodontomys sp. 1 AVB-2011 voucher ROM:116805 cytochrome oxidase subunit 1 (COI) gene, partial cds; mitochondrial",657
1239842,Steatomys sp. IN-2012,AB752530.2,"Steatomys sp. IN-2012 mitochondrial COI gene for cytochrome c oxidase subunit I, partial cds, isolate: 10ZRD#11",1599
2964401,Nephelomys childi,MZ364423.1,"Nephelomys childi voucher IAvH-CT-20102 cytochrome oxidase subunit 1 (COI) gene, partial cds; mitochondrial",658
2637779,unclassified Mastomys,MH989486.1,"Mastomys sp. DPL-2017 voucher USNM:MAMM:587263 cytochrome oxidase subunit 1 (COI) gene, partial cds; mitochondrial",650
1002705,Oryzomys sp. AVB-2011,JF444374.1,"Oryzomys sp. AVB-2011 voucher ROM:F41865 cytochrome oxidase subunit 1 (COI) gene, partial cds; mitochondrial",657
2053725,Nephelomys sp. FMNH 219795,MF806205.1,"Nephelomys sp. FMNH 219795 isolate PS2 cytochrome oxidase subunit 1 (COI) gene, partial cds; mitochondrial",639
1116255,Praomys morio,JQ667962.1,"Praomys morio voucher IFORA MSP24 cytochrome oxidase subunit 1 (COI) gene, partial cds; mitochondrial",723
1003225,Niviventer cf. confucianus BOLD:AAA2718,JF445066.1,"Niviventer cf. confucianus BOLD:AAA2718 voucher ROM:107521 cytochrome oxidase subunit 1 (COI) gene, partial cds; mitochondrial",656
1003857,Mindomys hammondi,JF491462.1,"Mindomys hammondi voucher ROM 105820 cytochrome oxidase subunit 1 (COI) gene, partial cds; mitochondrial",657
2184228,Myodes shanseius,KY968250.1,"Myodes shanseius isolate SX10N053 cytochrome oxidase subunit I (COI) gene, complete cds; mitochondrial",1545
2591169,Oligoryzomys aff. microtis MN76212,MN015484.1,"Oligoryzomys aff. microtis MN76212 cytochrome c oxidase subunit I (COI) gene, partial cds; mitochondrial",650
1158279,Hylomyscus sp. 10 VN-2012,JQ667709.1,"Hylomyscus sp. 10 VN-2012 voucher RUCA DJ076 cytochrome oxidase subunit 1 (COI) gene, partial cds; mitochondrial",708
2866648,Nilopegamys,MT610535.1,"Nilopegamys plumbeus voucher FMNH:MAMM:28633 cytochrome oxidase subunit 1 (COI) gene, partial cds; mitochondrial",681
2591160,Oligoryzomys aff. microtis MN76209,MN015463.1,"Oligoryzomys aff. microtis MN76209 cytochrome c oxidase subunit I (COI) gene, partial cds; mitochondrial",657
1003229,Rattus sp. BOLD:AAB6757,JF445249.1,"Rattus sp. BOLD:AAB6757 voucher ROM:112495 cytochrome oxidase subunit 1 (COI) gene, partial cds; mitochondrial",657
504098,Meriones chengi,KF152978.1,"Meriones chengi voucher JW76 cytochrome oxidase subunit I (COI) gene, partial cds; mitochondrial",645
2034202,Oligoryzomys mattogrossae,MN015497.1,"Oligoryzomys mattogrossae voucher MN36363 cytochrome c oxidase subunit I (COI) gene, partial cds; mitochondrial",657
1158277,Hylomyscus sp. 1 VN-2012,JQ667707.1,"Hylomyscus sp. 1 VN-2012 voucher SBP GA3646 cytochrome oxidase subunit 1 (COI) gene, partial cds; mitochondrial",718
587435,Thaptomys,KF815403.1,"Thaptomys nigrita voucher MN:78913 cytochrome oxidase subunit I (COI) gene, partial cds; mitochondrial",723
1003882,Oecomys sp. BOLD:AAD5395,JF491619.1,"Oecomys sp. BOLD:AAD5395 voucher ROM 106145 cytochrome oxidase subunit 1 (COI) gene, partial cds; mitochondrial",657
1158281,Hylomyscus sp. 6 VN-2012,JQ667730.1,"Hylomyscus sp. 6 VN-2012 voucher RUCA LEG00104 cytochrome oxidase subunit 1 (COI) gene, partial cds; mitochondrial",712
3122392,Nothocricetulus migratorius,HM102297.1,"Cricetulus migratorius strain ATCC CCL-195 cytochrome oxidase subunit 1 (COI) gene, partial cds; mitochondrial",627
1405176,Halmaheramys,KF164277.1,"Halmaheramys bokimekot voucher 32262 cytochrome c oxidase subunit I (COI) gene, partial cds; mitochondrial",703
2213112,Oecomys tapajinus,MF523762.1,"Oecomys tapajinus isolate LPC689 cytochrome oxidase subunit I (COI) gene, partial cds; mitochondrial",657
2591167,Oligoryzomys sp. MNLM1559,MN015481.1,"Oligoryzomys sp. MNLM1559 cytochrome c oxidase subunit I (COI) gene, partial cds; mitochondrial",657
871244,Eothenomys sp. 1 SL-2010a,KY997226.1,"Eothenomys sp. 1 SL-2010a isolate JYBCP0313 cytochrome oxidase subunit I (COI) gene, partial cds; mitochondrial",1539
862510,Nannomys,OQ025833.1,"Mus setulosus voucher ZFMK-DNA-FD19592339 cytochrome oxidase subunit 1 (COI) gene, partial cds; mitochondrial",658
1305944,Tonkinomys,KC209569.1,"Tonkinomys daovantieni isolate LD3 cytochrome oxidase subunit I (COI) gene, partial cds; mitochondrial",656
2641125,unclassified Rhipidomys,MF806207.1,"Rhipidomys sp. MEPN 12114 isolate MEPN12114 cytochrome oxidase subunit 1 (COI) gene, partial cds; mitochondrial",657
1239839,Lemniscomys sp. IN-2012,AB752776.1,"Lemniscomys sp. IN-2012 mitochondrial COI gene for cytochrome c oxidase subunit I, partial cds, isolate: 07ZR7#32",1599
1158615,unclassified Hylomyscus,JQ667734.1,"Hylomyscus sp. 7 VN-2012 voucher SBP Z02745 cytochrome oxidase subunit 1 (COI) gene, partial cds; mitochondrial",708
2172889,Tachyoryctes splendens complex sp. 3 JK-2018,MH189101.1,"Tachyoryctes splendens complex sp. 3 JK-2018 isolate To22 cytochrome oxidase subunit I (COI) gene, partial cds; mitochondrial",684
1003851,Maxomys sp. BOLD:AAI1689,JF459677.1,"Maxomys sp. BOLD:AAI1689 voucher ROM:113038 cytochrome oxidase subunit 1 (COI) gene, partial cds; mitochondrial",657
3064501,Cricetomys sp. 3 PG-2023,KJ192769.1,"Cricetomys sp. 3 PG-2014 isolate CemiT1104 cytochrome oxidase subunit I (COI) gene, partial cds; mitochondrial",658
1554458,Oecomys sp. CMV-2014,KF815405.1,"Oecomys sp. CMV-2014 voucher MN:78947 cytochrome oxidase subunit I (COI) gene, partial cds; mitochondrial",686
1003888,Oryzomys sp. BOLD:AAD6027,JF491735.1,"Oryzomys sp. BOLD:AAD6027 voucher ROM 118767 cytochrome oxidase subunit 1 (COI) gene, partial cds; mitochondrial",657
1073271,Neodon linzhiensis,KP190265.1,"Neodon sp. LY-2011 isolate GB0812006 cytochrome oxidase subunit I (COI) gene, partial cds; mitochondrial",1542
1002713,Rhizomyinae sp. AVB-2011,JF444432.1,"Rhizomyinae sp. AVB-2011 voucher ROM:107673 cytochrome oxidase subunit 1 (COI) gene, partial cds; mitochondrial",657
1603850,Micromys erythrotis,MW585728.1,"Micromys erythrotis isolate QLF1911340 cytochrome oxidase subunit I (COI) gene, partial cds; mitochondrial",633
754351,Apodemus chejuensis,MN756660.1,"Apodemus chejuensis isolate NSMK-IN2019001105 cytochrome c oxidase subunit I (COI) gene, partial cds; mitochondrial",658
538996,Akodon simulator group,MZ050370.1,"Akodon simulator voucher CMIJPJ1945 cytochrome oxidase subunit 1 (COI) gene, partial cds; mitochondrial",633
2448869,Gerbilliscus cf. kempi DPL-2017,MH988945.1,"Gerbilliscus cf. kempi DPL-2017 voucher USNM:MAMM:586992 cytochrome oxidase subunit 1 (COI) gene, partial cds; mitochondrial",658
2162900,Alexandromys oeconomus,KP190307.1,"Microtus oeconomus isolate XJ080 cytochrome oxidase subunit I (COI) gene, partial cds; mitochondrial",1542
666514,Praomys lukolelae,JQ667910.1,"Praomys lukolelae voucher RUCA ONY66 cytochrome oxidase subunit 1 (COI) gene, partial cds; mitochondrial",726
2023160,Rhipidomys albujai,MF806208.1,"Rhipidomys albujai isolate PS75 cytochrome oxidase subunit 1 (COI) gene, partial cds; mitochondrial",657
1003227,Rattus sp. BOLD:AAH3526,JF445227.1,"Rattus sp. BOLD:AAH3526 voucher TG970501-36 cytochrome oxidase subunit 1 (COI) gene, partial cds; mitochondrial",657
1156414,Hapalomys,KU958011.1,"Hapalomys suntsovi isolate BZM-18C cytochrome oxidase subunit I (COI) gene, partial cds; mitochondrial",607
687453,Platacanthomyidae,MW585726.1,"Typhlomys cinereus isolate QLF1911277 cytochrome oxidase subunit I (COI) gene, partial cds; mitochondrial",633
1002723,Tylomys watsoni,JF459574.1,"Tylomys watsoni voucher ROM:RMT3739 cytochrome oxidase subunit 1 (COI) gene, partial cds; mitochondrial",657
3126315,Cricetomys sp. 1 PG-2024,KJ192771.1,"Cricetomys sp. 1 PG-2014 isolate CspT1331 cytochrome oxidase subunit I (COI) gene, partial cds; mitochondrial",658
1003859,Mindomys,MF806197.1,"Mindomys sp. QCAZ 8720 isolate MP88 cytochrome oxidase subunit 1 (COI) gene, partial cds; mitochondrial",657
1003216,Niviventer sp. ABBM157-05,JF445036.1,"Niviventer sp. ABBM157-05 voucher TG970512-16 cytochrome oxidase subunit 1 (COI) gene, partial cds; mitochondrial",557
723804,Dipodillus dasyurus,MN326086.1,"Dipodillus dasyurus voucher USNM:MAMM:602587 cytochrome oxidase subunit I (COI) gene, partial cds; mitochondrial",643
2685018,unclassified Eothenomys,KY997297.1,"Eothenomys sp. 2 SL-2010a isolate BBS16028 cytochrome oxidase subunit I (COI) gene, partial cds; mitochondrial",1532
1003853,Maxomys sp. BOLD:AAI1690,JF459668.1,"Maxomys sp. BOLD:AAI1690 voucher ROM:113124 cytochrome oxidase subunit 1 (COI) gene, partial cds; mitochondrial",657
1297757,Rattus sp. 110316-1,AB710348.1,"Rattus sp. 110316-1 mitochondrial COI gene, partial sequence, isolate: 110316-1",655
1158967,unclassified Sigmodontinae,JQ600062.1,"Sigmodontinae sp. ABRMM535-11 voucher ROM:F41889_rerun cytochrome oxidase subunit 1 (COI) gene, partial cds; mitochondrial",633
2591150,Oligoryzomys aff. microtis MN76213,MN015434.1,"Oligoryzomys aff. microtis MN76213 cytochrome c oxidase subunit I (COI) gene, partial cds; mitochondrial",657
1543365,Rhabdomys dilectus dilectus,OQ322591.1,"Rhabdomys dilectus dilectus voucher Moz2 cytochrome oxidase subunit 1 (COI) gene, partial cds; mitochondrial",795
3122391,Nothocricetulus,HM102297.1,"Cricetulus migratorius strain ATCC CCL-195 cytochrome oxidase subunit 1 (COI) gene, partial cds; mitochondrial",627
1665533,Myodes sp. YY-2015,KF152988.1,"Myodes sp. YY-2015 voucher JW198 cytochrome oxidase subunit I-like (COI) gene, partial sequence; mitochondrial",645
871245,Eothenomys sp. 2 SL-2010a,KY997297.1,"Eothenomys sp. 2 SL-2010a isolate BBS16028 cytochrome oxidase subunit I (COI) gene, partial cds; mitochondrial",1532
1158283,Praomys sp. A VN-2012,JQ668005.1,"UNVERIFIED: Praomys sp. A VN-2012 voucher SBP BE0213 cytochrome oxidase subunit 1-like (COI) gene, partial sequence; mitochondrial",730
3370989,Anteliomys wardi,KY997275.1,"Anteliomys wardi isolate MLXS084 cytochrome oxidase subunit I (COI) gene, partial cds; mitochondrial",1539
3370984,Anteliomys custos,KY997313.1,"Eothenomys custos rubellus isolate LJGHZ0102 cytochrome oxidase subunit I (COI) gene, partial cds; mitochondrial",1539
1159791,Praomys derooi,JQ667882.1,"Praomys derooi voucher VN VN0265 cytochrome oxidase subunit 1 (COI) gene, partial cds; mitochondrial",725
796025,Rattus rattus frugivorus,HM181987.1,"Rattus rattus frugivorus isolate Rrfr8740 cytochrome c oxidase subunit I (COI) gene, partial cds; mitochondrial",620
1047088,Arvicola amphibius,MZ661171.1,"Arvicola amphibius voucher CSCF-MAM-1203171 cytochrome oxidase subunit 1 (COI) gene, partial cds; mitochondrial",732
1517486,Typhlomys chapensis,KX778344.1,"Typhlomys chapensis isolate Tjin_14-1 cytochrome c oxidase subunit I (COI) gene, partial cds; mitochondrial",1439
1003209,Maxomys moi,JN105101.1,"Maxomys moi isolate BD47 cytochrome oxidase subunit I (COI) gene, partial cds; mitochondrial",724
2929754,Myodes rufocanus,MZ356218.1,"Myodes rufocanus bedfordiae clone JA6551KTF153 cytochrome oxidase subunit 1 (COX1) gene, complete cds; mitochondrial",1545
2066594,Acomys sp. USNM Mamm 601477,MN326071.1,"Acomys sp. USNM Mamm 601477 voucher USNM:MAMM:601477 cytochrome oxidase subunit I (COI) gene, partial cds; mitochondrial",655
1003230,Rattus sp. BOLD:AAE2315,JF445246.1,"Rattus sp. BOLD:AAE2315 voucher ROM:111335 cytochrome oxidase subunit 1 (COI) gene, partial cds; mitochondrial",657
1772166,Chiromyscus sp. 1 DG-2015,KT734666.1,"Chiromyscus sp. 1 DG-2015 voucher IZCAS:ZIN96516 cytochrome oxidase subunit 1 (COI) gene, partial cds; mitochondrial",707
2632736,unclassified Neusticomys,JF491614.1,"Neusticomys sp. BOLD:AAI3081 voucher ROM 118768 cytochrome oxidase subunit 1 (COI) gene, partial cds; mitochondrial",657
2911695,Peromyscus pseudocrinitus,JN312102.1,"Peromyscus pseudocrinitus voucher CIBNOR 5325 cytochrome oxidase subunit 1 (COI) gene, partial cds; mitochondrial",657
943123,Peromyscus yucatanicus,JQ600611.1,"Peromyscus yucatanicus voucher ROM:96978 cytochrome oxidase subunit 1 (COI) gene, partial cds; mitochondrial",657
2622000,unclassified Gerbillus,KF422712.1,"Gerbillus sp. 1 TCB-2013 clone COI5 cytochrome c oxidase subunit I (COI) gene, partial cds; mitochondrial",628
2448864,Aethomys sp. DPL-2017,MH988993.1,"Aethomys sp. DPL-2017 voucher USNM:MAMM:587047 cytochrome oxidase subunit 1 (COI) gene, partial cds; mitochondrial",658
870528,Alticola stracheyi,KY968257.1,"Alticola stracheyi isolate XZ16N119 cytochrome oxidase subunit I (COI) gene, partial cds; mitochondrial",1530
2839071,Lophuromys verhageni,MW464569.1,"Lophuromys verhageni voucher FMNH:208098 cytochrome c oxidase subunit I (COI) gene, partial cds; mitochondrial",710
530183,Transandinomys bolivaris,EU095461.1,"Transandinomys bolivaris voucher ROM 116255 cytochrome oxidase subunit 1 (COI) gene, partial cds; mitochondrial",657
1002001,Niviventer sp. LLL-2011,HM031931.1,"Niviventer sp. strain HN131 COI gene, partial cds; mitochondrial",650
530174,Hylaeamys,PV403633.1,"Hylaeamys perenensis voucher L742-115 cytochrome oxidase subunit 1 (COI) gene, partial cds; mitochondrial",657
1003852,Maxomys sp. BOLD:AAA7281,JF459667.1,"Maxomys sp. BOLD:AAA7281 voucher ROM:113100 cytochrome oxidase subunit 1 (COI) gene, partial cds; mitochondrial",657
530182,Transandinomys,MZ364434.1,"Transandinomys talamancae voucher IAvH-CT-17767 cytochrome oxidase subunit 1 (COI) gene, partial cds; mitochondrial",658
2964402,Nephelomys meridensis,MZ364424.1,"Nephelomys meridensis voucher IAvH-CT-04738 cytochrome oxidase subunit 1 (COI) gene, partial cds; mitochondrial",569
1545497,Thomasomys paramorum,MF806366.1,"Thomasomys paramorum isolate TEL2368 cytochrome oxidase subunit 1 (COI) gene, partial cds; mitochondrial",657
2591151,Oligoryzomys aff. microtis MN76205,MN015437.1,"Oligoryzomys aff. microtis MN76205 cytochrome c oxidase subunit I (COI) gene, partial cds; mitochondrial",657
1158284,Praomys sp. B VN-2012,JQ668014.1,"Praomys sp. B VN-2012 voucher IFORA AW08 cytochrome oxidase subunit 1 (COI) gene, partial cds; mitochondrial",728
498355,Oreoryzomys balneator,MF806178.1,"Oreoryzomys balneator isolate PS66 cytochrome oxidase subunit 1 (COI) gene, partial cds; mitochondrial",657
1002703,Nectomys sp. AVB-2011,JF444358.1,"Nectomys sp. AVB-2011 voucher ROM:F41918 cytochrome oxidase subunit 1 (COI) gene, partial cds; mitochondrial",657
595394,Berylmys berdmorei,KC010295.1,"Berylmys berdmorei haplotype HCOBBE01 cytochrome oxidase subunit I (COI) gene, partial cds; mitochondrial",713
2635748,unclassified Oryzomys,HQ919739.1,"Oryzomys sp. BOLD:AAA2984 voucher ROM MAM 120387 cytochrome oxidase subunit 1 (COI) gene, partial cds; mitochondrial",657
1001554,Malacomys cansdalei,JF444180.1,"Malacomys cansdalei voucher ROM 100540 cytochrome oxidase subunit 1 (COI) gene, partial cds; mitochondrial",657
1925736,Niviventer lotipes,MW585738.1,"Niviventer lotipes isolate QLF1911429 cytochrome oxidase subunit I (COI) gene, partial cds; mitochondrial",633
1239835,Gerbillinae sp. IN-2012,AB752901.3,"Gerbillinae sp. IN-2012 mitochondrial COI gene for cytochrome c oxidase subunit I, partial cds, isolate: 09ZRD#23",1599
1001553,Dephomys defua,OQ025705.1,"Dephomys defua voucher ZFMK-DNA-FD19608136 cytochrome oxidase subunit 1 (COI) gene, partial cds; mitochondrial",658
1267394,Allocricetulus curtatus,KJ466761.1,"Allocricetulus curtatus voucher NMCDC:1360 cytochrome oxidase subunit I (COI) gene, partial cds; mitochondrial",657
2637197,unclassified Calomys,GU938940.1,"Calomys sp. LLM-2010a voucher LBCE5556 cytochrome oxidase subunit I-like (COI) gene, partial sequence; mitochondrial",663
2053720,Hylaeamys tatei,MF806196.1,"Hylaeamys tatei isolate PS22 cytochrome oxidase subunit 1 (COI) gene, partial cds; mitochondrial",657
2866653,Colomys wologizi,MT610534.1,"Colomys wologizi voucher AMNH:M:265835 cytochrome oxidase subunit 1 (COI) gene, partial cds; mitochondrial",512
862507,Mus,OM948981.1,"Mus musculus strain C57BL/6NCrl mitochondrion, complete genome",16300
2172891,Tachyoryctes splendens complex sp. 5 JK-2018,MH189132.1,"Tachyoryctes splendens complex sp. 5 JK-2018 isolate TZ27658 cytochrome oxidase subunit I (COI) gene, partial cds; mitochondrial",432
1576794,Neodon sp. 2 WJ-2014,KP190297.1,"Neodon sp. 2 WJ-2014 isolate XZ13066 cytochrome oxidase subunit I (COI) gene, partial cds; mitochondrial",1542
530176,Hylaeamys yunganus,PV403561.1,"Hylaeamys yunganus voucher FPI0000483 cytochrome oxidase subunit 1 (COI) gene, partial cds; mitochondrial",657
752757,Calomys sp. LLM-2010a,GU938940.1,"Calomys sp. LLM-2010a voucher LBCE5556 cytochrome oxidase subunit I-like (COI) gene, partial sequence; mitochondrial",663
2929753,Craseomys,JF693314.1,"Myodes rex isolate 1323 cytochrome c oxidase subunit I (COI) gene, partial cds; mitochondrial",651
2066588,Acomys sp. USNM Mamm 601468,MN326055.1,"Acomys sp. USNM Mamm 601468 voucher USNM:MAMM:601468 cytochrome oxidase subunit I (COI) gene, partial cds; mitochondrial",655
1002709,Reithrodontomys sp. AVB-2011,JF444402.1,"Reithrodontomys sp. AVB-2011 voucher ROM:116839 cytochrome oxidase subunit 1 (COI) gene, partial cds; mitochondrial",631
2638341,unclassified Cricetomys,KJ192771.1,"Cricetomys sp. 1 PG-2014 isolate CspT1331 cytochrome oxidase subunit I (COI) gene, partial cds; mitochondrial",658
2082265,Lophuromys makundii,MW464574.1,"Lophuromys makundii voucher FMNH:211176 cytochrome c oxidase subunit I (COI) gene, partial cds; mitochondrial",707
1576793,Neodon sp. 1 WJ-2014,KP190285.1,"Neodon sp. 1 WJ-2014 isolate MT11288 cytochrome oxidase subunit I (COI) gene, partial cds; mitochondrial",1542
1106474,Nectomys sp. BOLD:AAM5477,HQ545452.1,"Nectomys sp. BOLD:AAM5477 voucher ROM MAM 120246 cytochrome oxidase subunit 1 (COI) gene, partial cds; mitochondrial",657
1003884,Oryzomys sp. ABECB083-08,JF491731.1,"Oryzomys sp. ABECB083-08 voucher ROM 118745 cytochrome oxidase subunit 1 (COI) gene, partial cds; mitochondrial",403
672787,Chiromyscus langbianis,MK957028.1,"Chiromyscus langbianis isolate 16-010 cytochrome c oxidase subunit I (COI) gene, partial cds; mitochondrial",520
1004017,Microtus cf. arvalis BOLD:AAA5168,JF499318.1,"Microtus cf. arvalis BOLD:AAA5168 voucher ZMMU AAL-380 cytochrome oxidase subunit 1 (COI) gene, partial cds; mitochondrial",657
3371160,Stenocranius gregalis,KP190315.1,"Lasiopodomys gregalis isolate XJ140 cytochrome oxidase subunit I (COI) gene, partial cds; mitochondrial",1542
2644413,unclassified Microtus,JQ601446.1,"Microtus sp. BOLD:AAX4252 voucher ROM:JM13 cytochrome oxidase subunit 1 (COI) gene, partial cds; mitochondrial",657
2866654,Colomys eisentrauti,MT610533.1,"Colomys eisentrauti voucher VM_CMR.2009.17 cytochrome oxidase subunit 1 (COI) gene, partial cds; mitochondrial",704
2632481,unclassified Nectomys,HQ919746.1,"Nectomys sp. BOLD:AAC2628 voucher ROM MAM 120395 cytochrome oxidase subunit 1 (COI) gene, partial cds; mitochondrial",657
2162899,Alexandromys,KJ526265.1,"Microtus maximowiczii isolate DF439 cytochrome oxidase subunit 1 (COI) gene, partial cds; mitochondrial",668
913575,Neotoma albigula varia,GU670608.1,"Neotoma albigula varia voucher CIBNOR 14472 cytochrome oxidase subunit 1 (COI) gene, partial cds; mitochondrial",658
1003226,Rattus sp. BOLD:AAB2209,JF445231.1,"Rattus sp. BOLD:AAB2209 voucher CCP-AO 0023 cytochrome oxidase subunit 1 (COI) gene, partial cds; mitochondrial",631
1132650,Oligoryzomys utiaritensis,MN015511.1,"Oligoryzomys utiaritensis voucher ARB761 cytochrome c oxidase subunit I (COI) gene, partial cds; mitochondrial",657
3112420,Oecomys sp. g TG-2024,PV403276.1,"Oecomys sp. g TG-2024 voucher PSV348 cytochrome oxidase subunit 1 (COI) gene, partial cds; mitochondrial",657
2630232,unclassified Chiromyscus,KT734666.1,"Chiromyscus sp. 1 DG-2015 voucher IZCAS:ZIN96516 cytochrome oxidase subunit 1 (COI) gene, partial cds; mitochondrial",707
2066584,Microtus chrotorrhinus carolinensis,MN326068.1,"Microtus chrotorrhinus carolinensis voucher USNM:MAMM:602213 cytochrome oxidase subunit I (COI) gene, partial cds; mitochondrial",655
2620455,unclassified Oecomys,PV403276.1,"Oecomys sp. g TG-2024 voucher PSV348 cytochrome oxidase subunit 1 (COI) gene, partial cds; mitochondrial",657
1405177,Halmaheramys bokimekot,KF164277.1,"Halmaheramys bokimekot voucher 32262 cytochrome c oxidase subunit I (COI) gene, partial cds; mitochondrial",703
1392512,Cannomys badius,MH189134.1,"Cannomys badius isolate PhuHuayDue1 cytochrome oxidase subunit I (COI) gene, partial cds; mitochondrial",654
1665529,Microtus ilaeus,KF152996.1,"Microtus ilaeus voucher JW235 cytochrome oxidase subunit I (COI) gene, partial cds; mitochondrial",645
1392554,Lophuromys zena,MW464570.1,"Lophuromys zena voucher FMNH:231285 cytochrome c oxidase subunit I (COI) gene, partial cds; mitochondrial",708
870526,Eothenomys inez,KY997228.1,"Eothenomys inez isolate LPS039 cytochrome oxidase subunit I (COI) gene, partial cds; mitochondrial",1539
2172890,Tachyoryctes splendens complex sp. 4 JK-2018,MH189125.1,"Tachyoryctes splendens complex sp. 4 JK-2018 isolate LAV2386 cytochrome oxidase subunit I (COI) gene, partial cds; mitochondrial",684
2048991,Eothenomys melanogaster melanogaster,KY997314.1,"Eothenomys melanogaster melanogaster isolate TQDRY0401 cytochrome oxidase subunit I (COI) gene, partial cds; mitochondrial",1539
1325300,Leopoldamys herberti,KU958015.1,"Leopoldamys herberti isolate 14-012 cytochrome oxidase subunit I (COI) gene, partial cds; mitochondrial",656
2964403,Thomasomys niveipes,MZ364432.1,"Thomasomys niveipes voucher IAvH-CT-01138 cytochrome oxidase subunit 1 (COI) gene, partial cds; mitochondrial",658
2766943,Euryoryzomys legatus,MT118082.1,"Euryoryzomys legatus voucher MACN-Ma26339 cytochrome oxidase subunit 1 (COI) gene, partial cds; mitochondrial",667
2478462,Eothenomys colurnus,KY997280.1,"Eothenomys colurnus isolate FUJ15012 cytochrome oxidase subunit I (COI) gene, partial cds; mitochondrial",1539
2082264,Lophuromys machangui,MW464553.1,"Lophuromys machangui voucher FMNH:163605 cytochrome c oxidase subunit I (COI) gene, partial cds; mitochondrial",710
864060,Peromyscus grandis,JQ600963.1,"Peromyscus grandis voucher ROM:99914 cytochrome oxidase subunit 1 (COI) gene, partial cds; mitochondrial",657
2591170,Oligoryzomys aff. microtis MN76194,MN015501.1,"Oligoryzomys aff. microtis MN76194 cytochrome c oxidase subunit I (COI) gene, partial cds; mitochondrial",657
2066591,Acomys sp. USNM Mamm 601471,MN326020.1,"Acomys sp. USNM Mamm 601471 voucher USNM:MAMM:601471 cytochrome oxidase subunit I (COI) gene, partial cds; mitochondrial",650
1003219,Niviventer sp. ABBM177-05,JF445040.1,"Niviventer sp. ABBM177-05 voucher TG970517-103 cytochrome oxidase subunit 1 (COI) gene, partial cds; mitochondrial",375
907927,Maxomys ochraceiventer,JF343495.1,"Maxomys ochraceiventer isolate KNP027 cytochrome oxidase subunit I (COI) gene, partial cds; mitochondrial",476
1002711,Reithrodontomys sp. 2 AVB-2011,JF444426.1,"Reithrodontomys sp. 2 AVB-2011 voucher ROM:116835 cytochrome oxidase subunit 1 (COI) gene, partial cds; mitochondrial",657
2175848,Urocricetus,KF152991.1,"Cricetulus kamensis voucher JW129 cytochrome oxidase subunit I (COI) gene, partial cds; mitochondrial",645
2048992,Eothenomys shimianensis,KY997312.1,"Eothenomys shimianensis isolate JLXTCG0103 cytochrome oxidase subunit I (COI) gene, partial cds; mitochondrial",1539
2866652,Colomys lumumbai,MT610530.1,"Colomys lumumbai voucher FMNH:MAMM:226974 cytochrome oxidase subunit 1 (COI) gene, partial cds; mitochondrial",706
1090585,unclassified Gerbillinae,AB752901.3,"Gerbillinae sp. IN-2012 mitochondrial COI gene for cytochrome c oxidase subunit I, partial cds, isolate: 09ZRD#23",1599
1003887,Oryzomys sp. BOLD:AAB2003,JF491736.1,"Oryzomys sp. BOLD:AAB2003 voucher ROM 118757 cytochrome oxidase subunit 1 (COI) gene, partial cds; mitochondrial",657
3370639,Pseudohydromys musseri,PV403096.1,"Pseudohydromys musseri voucher MUSM54064 cytochrome oxidase subunit 1 (COI) gene, partial cds; mitochondrial",653
3371079,Montemys,JQ667873.1,"Praomys delectorum voucher RUCA TZ22587 cytochrome oxidase subunit 1 (COI) gene, partial cds; mitochondrial",722
1305945,Tonkinomys daovantieni,KC209569.1,"Tonkinomys daovantieni isolate LD3 cytochrome oxidase subunit I (COI) gene, partial cds; mitochondrial",656
2839081,Lophuromys cf. cinereus FMNH 227728,MW464537.1,"Lophuromys cf. cinereus FMNH 227728 cytochrome c oxidase subunit I (COI) gene, partial cds; mitochondrial",710
1003296,Peromyscus sp. BOLD:AAI2466,JF446108.1,"Peromyscus sp. BOLD:AAI2466 voucher ROM:YHM246 cytochrome oxidase subunit 1 (COI) gene, partial cds; mitochondrial",656
2591163,Oligoryzomys aff. microtis MN76203,MN015473.1,"Oligoryzomys aff. microtis MN76203 cytochrome c oxidase subunit I (COI) gene, partial cds; mitochondrial",657
1001552,Dephomys,OQ025705.1,"Dephomys defua voucher ZFMK-DNA-FD19608136 cytochrome oxidase subunit 1 (COI) gene, partial cds; mitochondrial",658
1003217,Niviventer sp. BOLD:AAB2209,JF445038.1,"Niviventer sp. BOLD:AAB2209 voucher TG970509-10 cytochrome oxidase subunit 1 (COI) gene, partial cds; mitochondrial",657
2922143,Euneomys fossor,MZ050312.1,"Euneomys fossor voucher CMIAN97.2 cytochrome oxidase subunit 1 (COI) gene, partial cds; mitochondrial",657
2839080,Lophuromys cf. cinereus FMNH 227712,MW464536.1,"Lophuromys cf. cinereus FMNH 227712 cytochrome c oxidase subunit I (COI) gene, partial cds; mitochondrial",710
2024401,Peromyscus pembertoni,MF589808.1,"Peromyscus pembertoni voucher CIB<MEX-LaPaz>:30502 cytochrome oxidase subunit 1 (COI) gene, partial cds; mitochondrial",342
2066596,Acomys sp. USNM Mamm 601496,MN326033.1,"Acomys sp. USNM Mamm 601496 voucher USNM:MAMM:601496 cytochrome oxidase subunit I (COI) gene, partial cds; mitochondrial",646
2773613,Niviventer mekongis,MN814633.1,"Niviventer mekongis isolate ZIN102451 cytochrome oxidase subunit 1 (COI) gene, partial cds; mitochondrial",684
2870494,Niviventer sp. VN4004M620,MZ356221.1,"Niviventer sp. VN4004M620 clone VN4004M620 cytochrome oxidase subunit 1 (COX1) gene, complete cds; mitochondrial",1545
685890,Eolagurus,KC017827.1,"Eolagurus przewalskii voucher NMCDC 027 cytochrome oxidase subunit 1 (COI) gene, partial cds; mitochondrial",657
1725219,Thomasomys taczanowskii,MF806290.1,"Thomasomys taczanowskii isolate TEL2386 cytochrome oxidase subunit 1 (COI) gene, partial cds; mitochondrial",656
511843,Nephelomys keaysi,PV403410.1,"Nephelomys keaysi voucher MUSM53115 cytochrome oxidase subunit 1 (COI) gene, partial cds; mitochondrial",707
1305941,Leopoldamys revertens,JX173179.1,"Leopoldamys sabanus revertens isolate BaD-14 cytochrome oxidase subunit I (COI) gene, partial cds; mitochondrial",641
2642879,unclassified Acomys,MN326081.1,"Acomys sp. USNM Mamm 602557 voucher USNM:MAMM:602557 cytochrome oxidase subunit I (COI) gene, partial cds; mitochondrial",658
2597256,unclassified Oligoryzomys,MN015468.1,"Oligoryzomys sp. n. MW-2017 voucher MPEG34802 cytochrome c oxidase subunit I (COI) gene, partial cds; mitochondrial",655
1239840,Mastomys sp. IN-2012,AB752762.2,"Mastomys sp. IN-2012 mitochondrial COI gene for cytochrome c oxidase subunit I, partial cds, isolate: 10ZR5#78",1599
1390221,Gerbillus sp. 1 TCB-2013,KF422712.1,"Gerbillus sp. 1 TCB-2013 clone COI5 cytochrome c oxidase subunit I (COI) gene, partial cds; mitochondrial",628
2870493,Niviventer sp. VN3973M589,MZ356220.1,"Niviventer sp. VN3973M589 clone VN3973M589 cytochrome oxidase subunit 1 (COX1) gene, complete cds; mitochondrial",1545
2964411,Neacomys sp. IAvH-CT-35591,MZ364415.1,"Neacomys sp. IAvH-CT-35591 cytochrome oxidase subunit 1 (COI) gene, partial cds; mitochondrial",658
1987368,Typhlomys nanus,KX778348.1,"Typhlomys nanus isolate Tsp1_3-1 cytochrome c oxidase subunit I (COI) gene, partial cds; mitochondrial",1463
907930,Maxomys sp. ASA-2010,GU294890.1,"Maxomys sp. ASA-2010 voucher TK153717 cytochrome oxidase subunit I-like (COI) gene, partial sequence; mitochondrial",480
2053721,Nephelomys moerex,MF806204.1,"Nephelomys moerex isolate KMH2204 cytochrome oxidase subunit 1 (COI) gene, partial cds; mitochondrial",657
1003224,Niviventer cf. confucianus ABRVN168-06,JF445064.1,"Niviventer cf. confucianus ABRVN168-06 voucher ROM:107691 cytochrome oxidase subunit 1 (COI) gene, partial cds; mitochondrial",657
530184,Transandinomys talamancae,MZ364434.1,"Transandinomys talamancae voucher IAvH-CT-17767 cytochrome oxidase subunit 1 (COI) gene, partial cds; mitochondrial",658
526885,Praomys mutoni,JQ667972.1,"Praomys mutoni voucher SBP R26114 cytochrome oxidase subunit 1 (COI) gene, partial cds; mitochondrial",723
561259,Neacomys dubosti,HQ919651.1,"Neacomys dubosti voucher ROM MAM 120288 cytochrome oxidase subunit 1 (COI) gene, partial cds; mitochondrial",657
1003883,Oecomys sp. BOLD:AAD5396,JF491620.1,"Oecomys sp. BOLD:AAD5396 voucher ROM 106144 cytochrome oxidase subunit 1 (COI) gene, partial cds; mitochondrial",657
3370982,Anteliomys,NC_013571.1,"Eothenomys chinensis mitochondrion, complete genome",16362
1725226,Thomasomys princeps,MF806273.1,"Thomasomys princeps isolate TEL2295 cytochrome oxidase subunit 1 (COI) gene, partial cds; mitochondrial",657
2591171,Oligoryzomys aff. microtis MN76206,MN015504.1,"Oligoryzomys aff. microtis MN76206 cytochrome c oxidase subunit I (COI) gene, partial cds; mitochondrial",657
2066585,Acomys sp. USNM Mamm 602557,MN326081.1,"Acomys sp. USNM Mamm 602557 voucher USNM:MAMM:602557 cytochrome oxidase subunit I (COI) gene, partial cds; mitochondrial",658
2024399,Peromyscus avius,MF589771.1,"Peromyscus avius voucher CIB<MEX-LaPaz>:1337 cytochrome oxidase subunit 1 (COI) gene, partial cds; mitochondrial",658
2576039,Neodon forresti,MH248068.1,UNVERIFIED: Neodon forresti mitochondrion sequence,16397
2073146,Vernaya,KY605375.1,"Vernaya fulva isolate LC027 cytochrome oxidase subunit I (COI) gene, partial cds; mitochondrial",690
655593,Hylaeamys perenensis,PV403633.1,"Hylaeamys perenensis voucher L742-115 cytochrome oxidase subunit 1 (COI) gene, partial cds; mitochondrial",657
575525,Proedromys bedfordi,KU577348.1,"Proedromys bedfordi isolate HSH15002 cytochrome c oxidase subunit 1 (COI) gene, partial cds; mitochondrial",1539
1003228,Rattus sp. BOLD:AAA5929,JF445228.1,"Rattus sp. BOLD:AAA5929 voucher CMF 960412.19 cytochrome oxidase subunit 1 (COI) gene, partial cds; mitochondrial",601
771787,Neodon fuscus,KP190280.1,"Neodon fuscus isolate qinghai135 cytochrome oxidase subunit I (COI) gene, partial cds; mitochondrial",1542
530178,Nephelomys albigularis,MZ364418.1,"Nephelomys albigularis voucher IAvH-CT-35593 cytochrome oxidase subunit 1 (COI) gene, partial cds; mitochondrial",658
798166,Neodon irene,KP190275.1,"Neodon irene isolate YJGXG0503 cytochrome oxidase subunit I (COI) gene, partial cds; mitochondrial",1542
1003211,unclassified Niviventer,KX822743.1,"Niviventer sp. 1 DG-2015 isolate HN12049 cytochrome oxidase subunit 1 (COI) gene, partial cds; mitochondrial",668
1003213,Niviventer sp. BM248-03,JF445033.1,"Niviventer sp. BM248-03 voucher CMF 960502.8 cytochrome oxidase subunit 1 (COI) gene, partial cds; mitochondrial",376
2066586,Acomys sp. USNM Mamm 602552,MN326080.1,"Acomys sp. USNM Mamm 602552 voucher USNM:MAMM:602552 cytochrome oxidase subunit I (COI) gene, partial cds; mitochondrial",645
2635895,unclassified Reithrodontomys,JF444426.1,"Reithrodontomys sp. 2 AVB-2011 voucher ROM:116835 cytochrome oxidase subunit 1 (COI) gene, partial cds; mitochondrial",657
1167227,Rattus tanezumi sladeni,JQ793920.1,"Rattus tanezumi sladeni isolate dq366 cytochrome c oxidase subunit 1 (COI) gene, partial cds; mitochondrial",656
1003231,Rattus sp. BOLD:AAH3528,JF445248.1,"Rattus sp. BOLD:AAH3528 voucher ROM:112365 cytochrome oxidase subunit 1 (COI) gene, partial cds; mitochondrial",643
2066597,Acomys sp. USNM Mamm 601497,MN326040.1,"Acomys sp. USNM Mamm 601497 voucher USNM:MAMM:601497 cytochrome oxidase subunit I (COI) gene, partial cds; mitochondrial",652
907929,Maxomys pagensis,GU294873.1,"Maxomys pagensis voucher MZB28338 cytochrome oxidase subunit I (COI) gene, partial cds; mitochondrial",480
2628381,unclassified Myodes,KF152988.1,"Myodes sp. YY-2015 voucher JW198 cytochrome oxidase subunit I-like (COI) gene, partial sequence; mitochondrial",645
2630997,unclassified Deltamys,GU938996.1,"Deltamys sp. LLM-2010a voucher A10 cytochrome oxidase subunit I (COI) gene, partial cds; mitochondrial",666
864465,Euneomys mordax,HQ860421.1,"Euneomys mordax voucher CMI AN97 cytochrome oxidase subunit 1 (COI) gene, partial cds; mitochondrial",594
2591172,Oligoryzomys aff. microtis MN76216,MN015515.1,"Oligoryzomys aff. microtis MN76216 cytochrome c oxidase subunit I (COI) gene, partial cds; mitochondrial",657
1162392,Lophuromys aquilus,MW464572.1,"Lophuromys aquilus voucher FMNH:174257 cytochrome c oxidase subunit I (COI) gene, partial cds; mitochondrial",710
3370983,Anteliomys chinensis,NC_013571.1,"Eothenomys chinensis mitochondrion, complete genome",16362
2497119,Microryzomys altissimus,MF806185.1,"Microryzomys altissimus isolate TEL2298 cytochrome oxidase subunit 1 (COI) gene, partial cds; mitochondrial",657
2107262,Typomys planifrons,OQ025793.1,"Hybomys planifrons voucher ZFMK-DNA-FD05091905 cytochrome oxidase subunit 1 (COI) gene, partial cds; mitochondrial",633
2661599,Lophuromys dudui,MW464548.1,"Lophuromys dudui voucher FMNH:149536 cytochrome c oxidase subunit I (COI) gene, partial cds; mitochondrial",707
666515,Praomys minor,JQ667914.1,"Praomys minor voucher RUCA LEG00223 cytochrome oxidase subunit 1 (COI) gene, partial cds; mitochondrial",722
2591157,Oligoryzomys aff. microtis MN76925,MN015457.1,"Oligoryzomys aff. microtis MN76925 cytochrome c oxidase subunit I (COI) gene, partial cds; mitochondrial",651
2646213,unclassified Neacomys,MZ364416.1,"Neacomys sp. IAvH-CT-35592 cytochrome oxidase subunit 1 (COI) gene, partial cds; mitochondrial",658
2591154,Oligoryzomys aff. microtis MN76207,MN015445.1,"Oligoryzomys aff. microtis MN76207 cytochrome c oxidase subunit I (COI) gene, partial cds; mitochondrial",657
1725221,Thomasomys silvestris,MF806372.1,"Thomasomys silvestris isolate MP70 cytochrome oxidase subunit 1 (COI) gene, partial cds; mitochondrial",608
1343853,Cansumys canus,KC861412.1,"Cansumys canus voucher ARB0004926 cytochrome oxidase subunit 1 (COI) gene, partial cds; mitochondrial",633
2048990,Eothenomys luojishanensis,KY997301.1,"Eothenomys luojishanensis isolate LJS16014 cytochrome oxidase subunit I (COI) gene, partial cds; mitochondrial",1523
907928,Maxomys rajah,JF343519.1,"Maxomys rajah isolate 2192 cytochrome oxidase subunit I (COI) gene, partial cds; mitochondrial",476
2591164,Oligoryzomys aff. microtis MN76200,MN015476.1,"Oligoryzomys aff. microtis MN76200 cytochrome c oxidase subunit I (COI) gene, partial cds; mitochondrial",649
716674,Alexandromys mongolicus,HM137754.1,"Microtus mongolicus voucher ZMMU 07AAL-141 cytochrome oxidase subunit 1 (COI) gene, partial cds; mitochondrial",657
1925726,Niviventer andersoni pianmaensis,MF642528.1,"Niviventer andersoni pianmaensis isolate TD2014016 cytochrome oxidase subunit 1 (coi) gene, partial cds; mitochondrial",676
508668,Rattus nitidus,MH290185.1,"Rattus nitidus isolate CA005_CT-03 cytochrome oxidase subunit I (COI) gene, partial cds; mitochondrial",541
1003879,Neacomys sp. BOLD:AAA7034,JQ601077.1,"Neacomys sp. BOLD:AAA7034 voucher ROM:104487 cytochrome oxidase subunit 1 (COI) gene, partial cds; mitochondrial",657
1002707,Peromyscus sp. AVB-2011,JF444389.1,"Peromyscus sp. AVB-2011 voucher ROM:F40555B cytochrome oxidase subunit 1 (COI) gene, partial cds; mitochondrial",657
3370702,Rhabdomys chakae,MG773478.1,"Rhabdomys chakae isolate Tm49_MP5 cytochrome oxidase subunit I (COI) gene, partial cds; mitochondrial",299
2066592,Acomys sp. USNM Mamm 601472,MN326029.1,"Acomys sp. USNM Mamm 601472 voucher USNM:MAMM:601472 cytochrome oxidase subunit I (COI) gene, partial cds; mitochondrial",655
2184227,Alticola stoliczkanus,KY968260.1,"Alticola stoliczkanus isolate XZ16N126 cytochrome oxidase subunit I (COI) gene, partial cds; mitochondrial",1442
3371118,Montemys delectorum,JQ667873.1,"Praomys delectorum voucher RUCA TZ22587 cytochrome oxidase subunit 1 (COI) gene, partial cds; mitochondrial",722
1002704,Oecomys sp. AVB-2011,JF444362.1,"Oecomys sp. AVB-2011 voucher ROM:F41922 cytochrome oxidase subunit 1 (COI) gene, partial cds; mitochondrial",657
1002712,unclassified Rhizomyinae,JF444432.1,"Rhizomyinae sp. AVB-2011 voucher ROM:107673 cytochrome oxidase subunit 1 (COI) gene, partial cds; mitochondrial",657
2053727,Rhipidomys sp. MEPN 12114,MF806207.1,"Rhipidomys sp. MEPN 12114 isolate MEPN12114 cytochrome oxidase subunit 1 (COI) gene, partial cds; mitochondrial",657
1772167,Niviventer sp. 1 DG-2015,KX822743.1,"Niviventer sp. 1 DG-2015 isolate HN12049 cytochrome oxidase subunit 1 (COI) gene, partial cds; mitochondrial",668
857467,Leopoldamys neilli,HM219588.1,"Leopoldamys neilli haplotype HCOI16 cytochrome c oxidase subunit 1 (COI) gene, partial cds; mitochondrial",713
2782733,Rhagomys sp. n. NT-2020,MT441550.1,"Rhagomys sp. n. NT-2020 voucher MEPN10898 cytochrome oxidase subunit I (COI) gene, partial cds; mitochondrial",649
2026214,Niviventer gladiusmaculus,MF642485.1,"Niviventer gladiusmaculus isolate 14LZ008 cytochrome oxidase subunit 1 (coi) gene, partial cds; mitochondrial",676
2024400,Peromyscus guardia,MF589803.1,"Peromyscus guardia voucher CIB<MEX-LaPaz>:30501 cytochrome oxidase subunit 1 (COI) gene, partial cds; mitochondrial",342
2922142,Akodon oenos,MZ050354.1,"Akodon oenos voucher CMIAO124 cytochrome oxidase subunit 1 (COI) gene, partial cds; mitochondrial",657
1003212,Niviventer sp. BM250-03,JF445032.1,"Niviventer sp. BM250-03 voucher CMF 960423.3 cytochrome oxidase subunit 1 (COI) gene, partial cds; mitochondrial",421
723803,Dipodillus,MN326086.1,"Dipodillus dasyurus voucher USNM:MAMM:602587 cytochrome oxidase subunit I (COI) gene, partial cds; mitochondrial",643
2866649,Nilopegamys plumbeus,MT610535.1,"Nilopegamys plumbeus voucher FMNH:MAMM:28633 cytochrome oxidase subunit 1 (COI) gene, partial cds; mitochondrial",681
2048989,Eothenomys custos rubellus,KY997313.1,"Eothenomys custos rubellus isolate LJGHZ0102 cytochrome oxidase subunit I (COI) gene, partial cds; mitochondrial",1539
1003880,Neusticomys sp. BOLD:AAI3081,JF491614.1,"Neusticomys sp. BOLD:AAI3081 voucher ROM 118768 cytochrome oxidase subunit 1 (COI) gene, partial cds; mitochondrial",657
3407018,unclassified Mus (in: rodents),MH290186.1,"Mus sp. isolate CA005-R1 cytochrome oxidase subunit I (COI) gene, partial cds; mitochondrial",541
2066595,Acomys sp. USNM Mamm 601495,MN326025.1,"Acomys sp. USNM Mamm 601495 voucher USNM:MAMM:601495 cytochrome oxidase subunit I (COI) gene, partial cds; mitochondrial",652
2448871,Grammomys sp. DPL-2017,MH988992.1,"Grammomys sp. DPL-2017 voucher USNM:MAMM:587046 cytochrome oxidase subunit 1 (COI) gene, partial cds; mitochondrial",658
2591166,Oligoryzomys aff. microtis MN76224,MN015480.1,"Oligoryzomys aff. microtis MN76224 cytochrome c oxidase subunit I (COI) gene, partial cds; mitochondrial",657
2591149,Oligoryzomys aff. microtis MN76226,MN015429.1,"Oligoryzomys aff. microtis MN76226 cytochrome c oxidase subunit I (COI) gene, partial cds; mitochondrial",657
1003886,Oryzomys sp. BOLD:AAA2991,JF491728.1,"Oryzomys sp. BOLD:AAA2991 voucher ROM YHM187 cytochrome oxidase subunit 1 (COI) gene, partial cds; mitochondrial",657
1343852,Cansumys,KC861412.1,"Cansumys canus voucher ARB0004926 cytochrome oxidase subunit 1 (COI) gene, partial cds; mitochondrial",633
2053724,Mindomys sp. QCAZ 8720,MF806197.1,"Mindomys sp. QCAZ 8720 isolate MP88 cytochrome oxidase subunit 1 (COI) gene, partial cds; mitochondrial",657
2618422,unclassified Lemniscomys,AB752776.1,"Lemniscomys sp. IN-2012 mitochondrial COI gene for cytochrome c oxidase subunit I, partial cds, isolate: 07ZR7#32",1599
1003218,Niviventer sp. BOLD:AAA2719,JF445039.1,"Niviventer sp. BOLD:AAA2719 voucher CMF 960407.13 cytochrome oxidase subunit 1 (COI) gene, partial cds; mitochondrial",643
1499497,Handleyomys melanotis,EU095467.1,"Handleyomys rostratus voucher ROM 101843 cytochrome oxidase subunit 1 (COI) gene, partial cds; mitochondrial",657
1003220,Niviventer sp. BOLD:AAA2718,JF445062.1,"Niviventer sp. BOLD:AAA2718 voucher ROM:112387 cytochrome oxidase subunit 1 (COI) gene, partial cds; mitochondrial",657
1003856,unclassified Maxomys,JF343485.1,"Maxomys sp. MTNA-2011 isolate RG072 cytochrome oxidase subunit I (COI) gene, partial cds; mitochondrial",476
2591159,Oligoryzomys aff. microtis MN76210,MN015462.1,"Oligoryzomys aff. microtis MN76210 cytochrome c oxidase subunit I (COI) gene, partial cds; mitochondrial",657
913014,Hylomyscus pamfi,JQ667663.1,"Hylomyscus pamfi voucher VN ospmh102 cytochrome oxidase subunit 1 (COI) gene, partial cds; mitochondrial",718
583359,Rattus pyctoris,JF499340.1,"Rattus pyctoris voucher ZMMU 07AAL-174 cytochrome oxidase subunit 1 (COI) gene, partial cds; mitochondrial",657
498354,Oreoryzomys,MF806178.1,"Oreoryzomys balneator isolate PS66 cytochrome oxidase subunit 1 (COI) gene, partial cds; mitochondrial",657
2666180,Nelsonia goldmani,MK878959.1,"Nelsonia goldmani voucher UK111953 cytochrome oxidase subunit 1 (COI) gene, partial cds; mitochondrial",650
1003215,Niviventer sp. ABBM166-05,JF445035.1,"Niviventer sp. ABBM166-05 voucher TG970514-16 cytochrome oxidase subunit 1 (COI) gene, partial cds; mitochondrial",421
2082266,Lophuromys sabuni,MW464565.1,"Lophuromys sabuni voucher FMNH:171400 cytochrome c oxidase subunit I (COI) gene, partial cds; mitochondrial",710
3107996,Cricetomys sp.,OQ025787.1,"Cricetomys sp. voucher ZFMK-DNA-FD19592374 cytochrome oxidase subunit 1 (COI) gene, partial cds; mitochondrial",658
2773612,Niviventer fengi,MN814606.1,"Niviventer fengi isolate JL17210 cytochrome oxidase subunit 1 (COI) gene, partial cds; mitochondrial",684
2927130,unclassified Chilomys,OM703439.1,"Chilomys sp. n NT-2023 voucher QCAZ13175 cytochrome oxidase subunit I (COI) gene, partial cds; mitochondrial",646
2602584,Apodemus nigrus,MK393776.1,"Apodemus nigrus isolate CQ18145 cytochrome oxidase subunit 1 (COI) gene, partial cds; mitochondrial",678
1158973,Microtus sp. BOLD:AAX4252,JQ601446.1,"Microtus sp. BOLD:AAX4252 voucher ROM:JM13 cytochrome oxidase subunit 1 (COI) gene, partial cds; mitochondrial",657
2591152,Oligoryzomys aff. microtis MN76229,MN015438.1,"Oligoryzomys aff. microtis MN76229 cytochrome c oxidase subunit I (COI) gene, partial cds; mitochondrial",657
